{"cameraMode":{"drawMode":0,"name":"Shaded","section":"Shading Mode"},"sceneLighting":true,"audioPlay":false,"sceneViewState":{"showFog":true,"showMaterialUpdate":false,"showSkybox":true,"showFlares":true,"showImageEffects":true,"showParticleSystems":true},"in2DMode":false,"pivot":{"x":8.385252952575684,"y":-13.343000411987305,"z":-18.870664596557618},"rotation":{"x":0.4086117744445801,"y":0.5732908248901367,"z":-0.3859148323535919,"w":0.5968232154846191},"size":10.0,"orthographic":false}